Workbook

Sheet Checklist
A1: STT | B1: Phase | C1: Công việc | D1: PIC | E1: Bắt đầu | F1: Kết thúc | G1: Thời lượng (ngày) | H1: Loại yêu cầu | I1: Tình trạng | J1: Tiến độ | K1: Ghi chú
A2: 1 | B2: Phase 0 – Chuẩn bị (Quyết định & Repo) | C2: Xác nhận phạm vi Phase 1: build đúng 6 agent theo MVP-Scope v3.4 (A01 Orchestrator kiến trúc đầy đủ + 5 agent nội dung B02/B03/D01/D02/E01) — KHÔNG build theo PRD đầy đủ (12 agent, Hindsight, ChromaDB, Meta, Analytics) | F2: =IF(E2="","",E2+ROUNDUP(G2,0)-1) | G2: 0.5 | H2: Quyết định | I2: Chưa bắt đầu | J2: 0 | K2: Ghi vào docs/decisions/0000, theo MVP-Scope v3.4 mục 1
A3: 2 | B3: Phase 0 – Chuẩn bị (Quyết định & Repo) | C3: Chốt ngưỡng đạt/không đạt của Evaluator (E01): Caption ≥7.0/10 VÀ Visual ≥3.5/5 — Trường & Thuận ký xác nhận | F3: =IF(E3="","",E3+ROUNDUP(G3,0)-1) | G3: 0.5 | H3: Quyết định | I3: Chưa bắt đầu | J3: 0 | K3: MVP-Scope v3.4 mục 5, đã đồng bộ PRD v3.2 - chỉ còn chờ ký
A4: 3 | B4: Phase 0 – Chuẩn bị (Quyết định & Repo) | C4: Chốt 4 mặc định tính năng phụ: không chạy chiến dịch ở Phase 1 (luôn Mode B) / form thương hiệu ngắn / lọc ảnh bằng tag / xin ảnh nhắn tay thủ công | F4: =IF(E4="","",E4+ROUNDUP(G4,0)-1) | G4: 0.5 | H4: Quyết định | I4: Chưa bắt đầu | J4: 0
A5: 4 | B5: Phase 0 – Chuẩn bị (Quyết định & Repo) | C5: Ghi nhận & khoanh vùng: PRD v1.2 (Tầng 4, do Thuận cập nhật) đã thiết kế lại Portal đầy đủ (Pixel Office, Kanban Task Board, Content Hub 3-tab) cho tầm nhìn full 12-agent — CHƯA thuộc phạm vi Portal đơn giản của Phase 1 | F5: =IF(E5="","",E5+ROUNDUP(G5,0)-1) | G5: 0.5 | H5: Quyết định | I5: Chưa bắt đầu | J5: 0 | K5: Cần Trường/Thuận xác nhận áp dụng thiết kế này từ Phase nào, tránh Antigravity tự build theo hướng Pixel Office khi đang làm Bước 6
A6: 5 | B6: Phase 0 – Chuẩn bị (Quyết định & Repo) | C6: Tạo repository GitHub (private), mời 2 thành viên | F6: =IF(E6="","",E6+ROUNDUP(G6,0)-1) | G6: 0.25 | H6: Hạ tầng | I6: Chưa bắt đầu | J6: 0
A7: 6 | B7: Phase 0 – Chuẩn bị (Quyết định & Repo) | C7: Thêm file hướng dẫn AI (AGENTS.md) vào gốc repo, cả 2 đọc kỹ 1 lượt | F7: =IF(E7="","",E7+ROUNDUP(G7,0)-1) | G7: 0.5 | H7: Tài liệu | I7: Chưa bắt đầu | J7: 0
A8: 7 | B8: Phase 0 – Chuẩn bị (Quyết định & Repo) | C8: Copy 2 tài liệu gốc mới nhất (PRD-CrewLab.md v1.2 + CrewLab-MVP-Scope-v3.4.md) vào docs/prd, giữ nguyên không sửa trực tiếp | F8: =IF(E8="","",E8+ROUNDUP(G8,0)-1) | G8: 0.25 | H8: Tài liệu | I8: Chưa bắt đầu | J8: 0
A9: 8 | B9: Phase 0 – Chuẩn bị (Quyết định & Repo) | C9: Phân chia phụ trách module: 1 người phụ trách Backend/Agent logic (A01 + 5 agent), 1 người phụ trách Portal & Internal App | F9: =IF(E9="","",E9+ROUNDUP(G9,0)-1) | G9: 0.25 | H9: Quyết định | I9: Chưa bắt đầu | J9: 0
A10: 9 | B10: Phase 0 – Chuẩn bị (Quyết định & Repo) | C10: Bật GitHub MCP trong Antigravity trên cả 2 máy | F10: =IF(E10="","",E10+ROUNDUP(G10,0)-1) | G10: 0.25 | H10: Hạ tầng | I10: Chưa bắt đầu | J10: 0
A11: 10 | B11: Phase 0 – Chuẩn bị (Quyết định & Repo) | C11: Bật bảo vệ nhánh main (bắt buộc qua Pull Request) | F11: =IF(E11="","",E11+ROUNDUP(G11,0)-1) | G11: 0.25 | H11: Hạ tầng | I11: Chưa bắt đầu | J11: 0
A12: 11 | B12: Phase 0 – Chuẩn bị (Quyết định & Repo) | C12: Setup bảng theo dõi công việc (GitHub Projects kanban) | F12: =IF(E12="","",E12+ROUNDUP(G12,0)-1) | G12: 0.5 | H12: Vận hành | I12: Chưa bắt đầu | J12: 0
A13: 12 | B13: Phase 1 – Bước 1: Hạ tầng (VPS/Coolify) | C13: Thuê & cấu hình VPS Hetzner CAX31 | F13: =IF(E13="","",E13+ROUNDUP(G13,0)-1) | G13: 0.5 | H13: Hạ tầng | I13: Chưa bắt đầu | J13: 0 | K13: MVP-Scope v3.4 mục 6 - bước 1, không spike Hindsight/Meta App Review
A14: 13 | B14: Phase 1 – Bước 1: Hạ tầng (VPS/Coolify) | C14: Cài Coolify lên VPS để deploy kiểu kéo-thả (git push tự deploy) | F14: =IF(E14="","",E14+ROUNDUP(G14,0)-1) | G14: 1 | H14: Hạ tầng | I14: Chưa bắt đầu | J14: 0
A15: 14 | B15: Phase 1 – Bước 1: Hạ tầng (VPS/Coolify) | C15: Tạo project Supabase Production (PostgreSQL + Auth + Storage) | F15: =IF(E15="","",E15+ROUNDUP(G15,0)-1) | G15: 0.5 | H15: Hạ tầng | I15: Chưa bắt đầu | J15: 0
A16: 15 | B16: Phase 1 – Bước 1: Hạ tầng (VPS/Coolify) | C16: Tạo project Supabase RIÊNG cho Staging (tách biệt hoàn toàn, không chung DB Production) | F16: =IF(E16="","",E16+ROUNDUP(G16,0)-1) | G16: 0.5 | H16: Hạ tầng | I16: Chưa bắt đầu | J16: 0
A17: 16 | B17: Phase 1 – Bước 1: Hạ tầng (VPS/Coolify) | C17: Đăng ký & trỏ domain: domain chính Client Portal, subdomain Internal App, domain Backend API | F17: =IF(E17="","",E17+ROUNDUP(G17,0)-1) | G17: 0.5 | H17: Hạ tầng | I17: Chưa bắt đầu | J17: 0
A18: 17 | B18: Phase 1 – Bước 1: Hạ tầng (VPS/Coolify) | C18: Cấu hình CORS & biến môi trường tách biệt Local/Staging/Production | F18: =IF(E18="","",E18+ROUNDUP(G18,0)-1) | G18: 0.5 | H18: Hạ tầng | I18: Chưa bắt đầu | J18: 0
A19: 18 | B19: Phase 1 – Bước 1: Hạ tầng (VPS/Coolify) | C19: Setup Redis (broker cho Celery) | F19: =IF(E19="","",E19+ROUNDUP(G19,0)-1) | G19: 0.5 | H19: Hạ tầng | I19: Chưa bắt đầu | J19: 0
A20: 19 | B20: Phase 1 – Bước 1: Hạ tầng (VPS/Coolify) | C20: Setup Celery Worker + Beat chạy nền cơ bản, thử chạy 1 task test | F20: =IF(E20="","",E20+ROUNDUP(G20,0)-1) | G20: 1 | H20: Hạ tầng | I20: Chưa bắt đầu | J20: 0
A21: 20 | B21: Phase 1 – Bước 1: Hạ tầng (VPS/Coolify) | C21: Setup CI/CD: push main tự động deploy qua Coolify | F21: =IF(E21="","",E21+ROUNDUP(G21,0)-1) | G21: 0.5 | H21: Hạ tầng | I21: Chưa bắt đầu | J21: 0
A22: 21 | B22: Phase 1 – Bước 2: Nền tảng dữ liệu (C1+C6+C7) | C22: Viết spec đầu tiên (spec.md): Database rút gọn — mọi agent khác phụ thuộc bảng này | F22: =IF(E22="","",E22+ROUNDUP(G22,0)-1) | G22: 0.5 | H22: Tài liệu | I22: Chưa bắt đầu | J22: 0 | K22: specs/0001-postgres-schema-mvp
A23: 22 | B23: Phase 1 – Bước 2: Nền tảng dữ liệu (C1+C6+C7) | C23: Bảng "Khách hàng" (clients) | F23: =IF(E23="","",E23+ROUNDUP(G23,0)-1) | G23: 1 | H23: Dữ liệu | I23: Chưa bắt đầu | J23: 0 | K23: C1
A24: 23 | B24: Phase 1 – Bước 2: Nền tảng dữ liệu (C1+C6+C7) | C24: Bảng "Người dùng" (users) 3 vai trò: agency_admin, client_admin, client_staff | F24: =IF(E24="","",E24+ROUNDUP(G24,0)-1) | G24: 1 | H24: Dữ liệu | I24: Chưa bắt đầu | J24: 0 | K24: C1
A25: 24 | B25: Phase 1 – Bước 2: Nền tảng dữ liệu (C1+C6+C7) | C25: Bảng "Cấu hình thương hiệu" (brand_settings) — versioned, không ghi đè bản cũ | F25: =IF(E25="","",E25+ROUNDUP(G25,0)-1) | G25: 1.5 | H25: Dữ liệu | I25: Chưa bắt đầu | J25: 0 | K25: C1
A26: 25 | B26: Phase 1 – Bước 2: Nền tảng dữ liệu (C1+C6+C7) | C26: Bảng "Trụ nội dung" (content_pillars) | F26: =IF(E26="","",E26+ROUNDUP(G26,0)-1) | G26: 0.5 | H26: Dữ liệu | I26: Chưa bắt đầu | J26: 0 | K26: C1
A27: 26 | B27: Phase 1 – Bước 2: Nền tảng dữ liệu (C1+C6+C7) | C27: Bảng "Bài đăng" (content_items) đủ FSM rút gọn: planned → ready_for_generation → caption_generating → visual_matching → waiting_asset → asset_blocked → visual_generating → evaluating → eval_failed ⟲ → pending_content_approval → approved_ready_to_post → posted / rejected / archived | F27: =IF(E27="","",E27+ROUNDUP(G27,0)-1) | G27: 1.5 | H27: Dữ liệu | I27: Chưa bắt đầu | J27: 0 | K27: C1 - nền tảng mọi agent khác. KHÔNG tạo bảng analytics_records ở Phase 1 (đã bỏ khỏi scope MVP, thuộc Phase 4)
A28: 27 | B28: Phase 1 – Bước 2: Nền tảng dữ liệu (C1+C6+C7) | C28: Bảng "Lịch sử duyệt" (hitl_reviews) — append-only | F28: =IF(E28="","",E28+ROUNDUP(G28,0)-1) | G28: 1 | H28: Dữ liệu | I28: Chưa bắt đầu | J28: 0 | K28: C1
A29: 28 | B29: Phase 1 – Bước 2: Nền tảng dữ liệu (C1+C6+C7) | C29: Bảng "Nhật ký thao tác" (audit_log) — append-only | F29: =IF(E29="","",E29+ROUNDUP(G29,0)-1) | G29: 1 | H29: Dữ liệu | I29: Chưa bắt đầu | J29: 0 | K29: C1
A30: 29 | B30: Phase 1 – Bước 2: Nền tảng dữ liệu (C1+C6+C7) | C30: Bảng "Trí nhớ Agent" agent_memory(agent_code, client_id, task_type, input_summary, output_summary, human_feedback, created_at) thay Hindsight | F30: =IF(E30="","",E30+ROUNDUP(G30,0)-1) | G30: 1 | H30: Dữ liệu | I30: Chưa bắt đầu | J30: 0 | K30: C3 rút gọn
A31: 30 | B31: Phase 1 – Bước 2: Nền tảng dữ liệu (C1+C6+C7) | C31: Bảng "Thư viện ảnh" (brand_assets) | F31: =IF(E31="","",E31+ROUNDUP(G31,0)-1) | G31: 1 | H31: Dữ liệu | I31: Chưa bắt đầu | J31: 0 | K31: C7
A32: 31 | B32: Phase 1 – Bước 2: Nền tảng dữ liệu (C1+C6+C7) | C32: Bảng "Yêu cầu xin ảnh" (asset_requests) — cần trường deadline cho job check_asset_request_expiry | F32: =IF(E32="","",E32+ROUNDUP(G32,0)-1) | G32: 1 | H32: Dữ liệu | I32: Chưa bắt đầu | J32: 0 | K32: C7
A33: 32 | B33: Phase 1 – Bước 2: Nền tảng dữ liệu (C1+C6+C7) | C33: Viết migration chạy được nhiều lần không lỗi, không làm mất dữ liệu cũ | F33: =IF(E33="","",E33+ROUNDUP(G33,0)-1) | G33: 1 | H33: Hạ tầng | I33: Chưa bắt đầu | J33: 0
A34: 33 | B34: Phase 1 – Bước 2: Nền tảng dữ liệu (C1+C6+C7) | C34: Bật RLS phân quyền theo dòng dữ liệu — mỗi khách hàng chỉ thấy đúng dữ liệu của mình | F34: =IF(E34="","",E34+ROUNDUP(G34,0)-1) | G34: 1.5 | H34: Dữ liệu | I34: Chưa bắt đầu | J34: 0 | K34: C6 Multi-tenant
A35: 34 | B35: Phase 1 – Bước 2: Nền tảng dữ liệu (C1+C6+C7) | C35: Kiểm thử: nhập dữ liệu sai trạng thái/sai định dạng phải bị hệ thống từ chối ngay | F35: =IF(E35="","",E35+ROUNDUP(G35,0)-1) | G35: 1 | H35: Kiểm thử | I35: Chưa bắt đầu | J35: 0
A36: 35 | B36: Phase 1 – Bước 2: Nền tảng dữ liệu (C1+C6+C7) | C36: Setup Supabase Storage theo cấu trúc thư mục riêng từng khách hàng | F36: =IF(E36="","",E36+ROUNDUP(G36,0)-1) | G36: 0.5 | H36: Hạ tầng | I36: Chưa bắt đầu | J36: 0 | K36: C7
A37: 36 | B37: Phase 1 – Bước 2: Nền tảng dữ liệu (C1+C6+C7) | C37: Xây lớp Tool Registry ~10 tool dùng chung cho 6 agent: T02/T03 (recall/retain trí nhớ, trỏ Postgres không Hindsight), T04 query_media_library (tag filter), T05 create_asset_request, T08/T09 (đọc/ghi content plan), T12/T13 (ảnh AI/ghép ảnh), T14/T15 (notify_agency_admin rút gọn / update_content_state) — agent CHỈ được gọi đúng tool trong danh sách này, không query DB thẳng | F37: =IF(E37="","",E37+ROUNDUP(G37,0)-1) | G37: 2 | H37: Dữ liệu | I37: Chưa bắt đầu | J37: 0 | K37: MVP-Scope v3.4 mục 4
A38: 37 | B38: Phase 1 – Bước 2: Nền tảng dữ liệu (C1+C6+C7) | C38: Cấu hình sao lưu (backup) tự động hàng ngày | F38: =IF(E38="","",E38+ROUNDUP(G38,0)-1) | G38: 0.5 | H38: Hạ tầng | I38: Chưa bắt đầu | J38: 0
A39: 38 | B39: Phase 1 – Bước 3: A01 Orchestrator | C39: Xây content_item_state_log + tool T15 update_content_state để từng agent tự ghi state bước mình vừa xong | F39: =IF(E39="","",E39+ROUNDUP(G39,0)-1) | G39: 1 | H39: Dữ liệu | I39: Chưa bắt đầu | J39: 0 | K39: Business Rule 6 - tránh 2 nơi cùng ghi 1 transition, race condition
A40: 39 | B40: Phase 1 – Bước 3: A01 Orchestrator | C40: Định nghĩa & wire đủ 10 trigger Active cho A01: beat_weekly, strategy_gate_approved(S2), strategy_gate_approved(S3), d01_complete, d02_complete(visual_ready), asset_submitted, asset_request_expired, eval_failed(còn retry), eval_failed(hard fail/hết lượt), content_gate_approved | F40: =IF(E40="","",E40+ROUNDUP(G40,0)-1) | G40: 3 | H40: Logic Agent (AI) | I40: Chưa bắt đầu | J40: 0 | K40: MVP-Scope v3.4 mục 1a - bảng Trigger Active vs Deferred
A41: 40 | B41: Phase 1 – Bước 3: A01 Orchestrator | C41: Giữ tên nhưng KHÔNG wire handler cho 5 trigger Deferred: campaign_created/campaign_ended (Phase 5), publish_due (Phase 3), analytics_due (Phase 4), recommendation_done (Phase 4), direct_assign (Phase 5) | F41: =IF(E41="","",E41+ROUNDUP(G41,0)-1) | G41: 0.5 | H41: Logic Agent (AI) | I41: Chưa bắt đầu | J41: 0 | K41: Phase sau chỉ cần cắm thêm handler, không viết lại module
A42: 41 | B42: Phase 1 – Bước 3: A01 Orchestrator | C42: Xây wake_reason enum 4 giá trị, dùng ngay cả 4 từ MVP: scheduled / task_assigned / manual / retry | F42: =IF(E42="","",E42+ROUNDUP(G42,0)-1) | G42: 1 | H42: Logic Agent (AI) | I42: Chưa bắt đầu | J42: 0
A43: 42 | B43: Phase 1 – Bước 3: A01 Orchestrator | C43: Xây Celery Beat job check_asset_request_expiry (chạy mỗi vài giờ), phát hiện asset_request quá hạn | F43: =IF(E43="","",E43+ROUNDUP(G43,0)-1) | G43: 1 | H43: Logic Agent (AI) | I43: Chưa bắt đầu | J43: 0
A44: 43 | B44: Phase 1 – Bước 3: A01 Orchestrator | C44: [Business Rule 1] Precheck trước mọi trigger: chỉ cần clients.is_active (bỏ check quota tổng 12 agent — MVP 1 client 6 agent chưa cần) | F44: =IF(E44="","",E44+ROUNDUP(G44,0)-1) | G44: 0.5 | H44: Logic Agent (AI) | I44: Chưa bắt đầu | J44: 0
A45: 44 | B45: Phase 1 – Bước 3: A01 Orchestrator | C45: [Business Rule 2] Không check Campaign — MVP luôn chạy Mode B, không có nhánh B01 | F45: =IF(E45="","",E45+ROUNDUP(G45,0)-1) | G45: 0.5 | H45: Logic Agent (AI) | I45: Chưa bắt đầu | J45: 0
A46: 45 | B46: Phase 1 – Bước 3: A01 Orchestrator | C46: [Business Rule 3] Concurrent cycle: chỉ 1 loại cycle (weekly) — không tạo cycle mới nếu cycle hiện tại chưa qua khỏi content_production | F46: =IF(E46="","",E46+ROUNDUP(G46,0)-1) | G46: 1 | H46: Logic Agent (AI) | I46: Chưa bắt đầu | J46: 0
A47: 46 | B47: Phase 1 – Bước 3: A01 Orchestrator | C47: [Business Rule 4] Xây bảng retry-routing đọc failed_criteria từ E01: brand_voice/content_accuracy/platform_fit/pillar_relevance/originality → route D01; visual_asset_fit/image_design_quality/mobile_readability → route D02; cả 2 nhóm cùng lúc → D01 trước, D02 sau | F47: =IF(E47="","",E47+ROUNDUP(G47,0)-1) | G47: 2 | H47: Logic Agent (AI) | I47: Chưa bắt đầu | J47: 0 | K47: Logic quan trọng nhất của A01 MVP
A48: 47 | B48: Phase 1 – Bước 3: A01 Orchestrator | C48: [Business Rule 5] eval_retry_count CHỈ tăng khi E01 đã chạy xong và trả score dưới ngưỡng — Celery retry do lỗi hạ tầng (wake_reason='retry') KHÔNG tăng counter này | F48: =IF(E48="","",E48+ROUNDUP(G48,0)-1) | G48: 1.5 | H48: Logic Agent (AI) | I48: Chưa bắt đầu | J48: 0 | K48: Carry-over AC-WF-20 gốc PRD - tránh reject oan do lỗi mạng
A49: 48 | B49: Phase 1 – Bước 3: A01 Orchestrator | C49: [Business Rule 6] A01 CHỈ đọc state mới nhất để quyết định dispatch bước kế tiếp — KHÔNG tự ghi state thay agent | F49: =IF(E49="","",E49+ROUNDUP(G49,0)-1) | G49: 1 | H49: Logic Agent (AI) | I49: Chưa bắt đầu | J49: 0
A50: 49 | B50: Phase 1 – Bước 3: A01 Orchestrator | C50: Xử lý trigger asset_request_expired: set asset_blocked + notify_agency_admin, KHÔNG tự dùng ảnh AI/fallback, KHÔNG tự reject | F50: =IF(E50="","",E50+ROUNDUP(G50,0)-1) | G50: 1 | H50: Logic Agent (AI) | I50: Chưa bắt đầu | J50: 0 | K50: AC-WF-21
A51: 50 | B51: Phase 1 – Bước 3: A01 Orchestrator | C51: Xây DispatchInstruction schema: task_name, payload (client_id/content_item_id/wake_reason/context_packet), idempotency_key dạng client_id:cycle_id:agent_code:content_item_id:attempt | F51: =IF(E51="","",E51+ROUNDUP(G51,0)-1) | G51: 1.5 | H51: Logic Agent (AI) | I51: Chưa bắt đầu | J51: 0
A52: 51 | B52: Phase 1 – Bước 3: A01 Orchestrator | C52: Failure Behavior: Dispatch fail → retry 2 lần → ghi task_logs + Telegram notify Agency Admin | F52: =IF(E52="","",E52+ROUNDUP(G52,0)-1) | G52: 1 | H52: Logic Agent (AI) | I52: Chưa bắt đầu | J52: 0 | K52: MVP CHƯA có DLQ replay UI (dời Phase 3) — dùng nút "Chạy lại" thủ công (wake_reason='manual')
A53: 52 | B53: Phase 1 – Bước 3: A01 Orchestrator | C53: Cấu hình model tier cho A01: Power | F53: =IF(E53="","",E53+ROUNDUP(G53,0)-1) | G53: 0.25 | H53: Logic Agent (AI) | I53: Chưa bắt đầu | J53: 0
A54: 53 | B54: Phase 1 – Bước 3: A01 Orchestrator | C54: Kiểm thử: mô phỏng đủ 10 trigger active, xác nhận A01 dispatch đúng agent + đúng payload cho từng trigger | F54: =IF(E54="","",E54+ROUNDUP(G54,0)-1) | G54: 1.5 | H54: Kiểm thử | I54: Chưa bắt đầu | J54: 0
A55: 54 | B55: Phase 1 – Bước 4: Context Packet MVP + P01-lite + Observability | C55: Viết hàm build_context_packet_mvp(client_id, agent_code, wake_reason, task_context) trả đúng 4 field: identity, episodic, assignments, wake_reason | F55: =IF(E55="","",E55+ROUNDUP(G55,0)-1) | G55: 2 | H55: Logic Agent (AI) | I55: Chưa bắt đầu | J55: 0 | K55: MVP-Scope v3.4 mục 1b - 4/7 field so với bản gốc
A56: 55 | B56: Phase 1 – Bước 4: Context Packet MVP + P01-lite + Observability | C56: identity = load_agent_config: gộp persona tĩnh + brand voice form ngắn (B2) vào 1 field, KHÔNG tách brand_memory riêng (form quá nhỏ để cần RAG) | F56: =IF(E56="","",E56+ROUNDUP(G56,0)-1) | G56: 1 | H56: Logic Agent (AI) | I56: Chưa bắt đầu | J56: 0
A57: 56 | B57: Phase 1 – Bước 4: Context Packet MVP + P01-lite + Observability | C57: episodic = recall_episodic_memory_mvp(top_k=5): lấy 5 bản ghi gần nhất theo thời gian (recency) | F57: =IF(E57="","",E57+ROUNDUP(G57,0)-1) | G57: 1 | H57: Logic Agent (AI) | I57: Chưa bắt đầu | J57: 0
A58: 57 | B58: Phase 1 – Bước 4: Context Packet MVP + P01-lite + Observability | C58: Mitigation rủi ro recall: LUÔN kèm thêm mọi bản ghi có human_feedback khác rỗng trong 30 ngày gần nhất (không giới hạn top-5), cộng với 5 bản ghi gần nhất | F58: =IF(E58="","",E58+ROUNDUP(G58,0)-1) | G58: 1 | H58: Logic Agent (AI) | I58: Chưa bắt đầu | J58: 0 | K58: Tránh mất bài học quan trọng (vd reject nặng) chỉ vì nó không phải bản ghi mới nhất
A59: 58 | B59: Phase 1 – Bước 4: Context Packet MVP + P01-lite + Observability | C59: Đặt tên hàm hậu tố _mvp để Phase 5 chỉ cần viết build_context_packet() đầy đủ thay thế, agent code không cần đổi cách gọi | F59: =IF(E59="","",E59+ROUNDUP(G59,0)-1) | G59: 0.25 | H59: Tài liệu | I59: Chưa bắt đầu | J59: 0
A60: 59 | B60: Phase 1 – Bước 4: Context Packet MVP + P01-lite + Observability | C60: [P01-lite] Trigger: content_gate_approved (có client_edited_caption) HOẶC content_rejected (có reject_reason + feedback_text) | F60: =IF(E60="","",E60+ROUNDUP(G60,0)-1) | G60: 1 | H60: Logic Agent (AI) | I60: Chưa bắt đầu | J60: 0 | K60: MVP-Scope v3.4 mục 1c
A61: 60 | B61: Phase 1 – Bước 4: Context Packet MVP + P01-lite + Observability | C61: [P01-lite] Upsert vào đúng row agent_memory (tìm theo content_item_id nếu có bản ghi cũ, hoặc insert mới), ghi human_feedback = nội dung sửa/lý do reject | F61: =IF(E61="","",E61+ROUNDUP(G61,0)-1) | G61: 1.5 | H61: Logic Agent (AI) | I61: Chưa bắt đầu | J61: 0
A62: 61 | B62: Phase 1 – Bước 4: Context Packet MVP + P01-lite + Observability | C62: [P01-lite] KHÔNG làm: không tạo learning packet machine-readable, không ghi performance_patterns, không tự động cảnh báo lặp lỗi nhiều lần | F62: =IF(E62="","",E62+ROUNDUP(G62,0)-1) | G62: 0.25 | H62: Tài liệu | I62: Chưa bắt đầu | J62: 0 | K62: Agency Admin tự đọc agent_memory qua Internal App nếu nghi lặp lỗi
A63: 62 | B63: Phase 1 – Bước 4: Context Packet MVP + P01-lite + Observability | C63: [Observability] Tạo bảng task_logs(id, client_id, agent_code, task_type, model_used, tokens_in, tokens_out, latency_ms, status, eval_score, wake_reason, created_at) | F63: =IF(E63="","",E63+ROUNDUP(G63,0)-1) | G63: 1 | H63: Dữ liệu | I63: Chưa bắt đầu | J63: 0 | K63: MVP-Scope v3.4 mục 1d - giữ đúng tên field như Observability Contract gốc, sau này bật Langfuse thật chỉ cần đổi nơi ghi log
A64: 63 | B64: Phase 1 – Bước 4: Context Packet MVP + P01-lite + Observability | C64: [Observability] Mỗi agent task (kể cả A01) tự ghi 1 dòng vào task_logs sau khi chạy xong | F64: =IF(E64="","",E64+ROUNDUP(G64,0)-1) | G64: 1.5 | H64: Logic Agent (AI) | I64: Chưa bắt đầu | J64: 0
A65: 64 | B65: Phase 1 – Bước 4: Context Packet MVP + P01-lite + Observability | C65: [Observability] Màn hình Internal App: list task_logs, filter theo content_item_id / agent_code | F65: =IF(E65="","",E65+ROUNDUP(G65,0)-1) | G65: 1.5 | H65: Giao diện - Internal App | I65: Chưa bắt đầu | J65: 0 | K65: Đủ để Trường/Thuận tự tra sự cố không cần hỏi Antigravity đọc code
A66: 65 | B66: Phase 1 – Bước 5: 5 Agent nội dung + FSM/Retry | C66: Định nghĩa đầy đủ 13 trạng thái vòng đời bài đăng và các đường chuyển hợp lệ | F66: =IF(E66="","",E66+ROUNDUP(G66,0)-1) | G66: 1 | H66: Dữ liệu | I66: Chưa bắt đầu | J66: 0
A67: 66 | B67: Phase 1 – Bước 5: 5 Agent nội dung + FSM/Retry | C67: workflow_cycles rút gọn còn 2 phase: strategy → content_production → done (không publishing/analytics vì đăng tay, không phân tích tự động) | F67: =IF(E67="","",E67+ROUNDUP(G67,0)-1) | G67: 1 | H67: Dữ liệu | I67: Chưa bắt đầu | J67: 0
A68: 67 | B68: Phase 1 – Bước 5: 5 Agent nội dung + FSM/Retry | C68: [B02] Agent tự nghiên cứu & đề xuất trụ nội dung hàng tuần dựa trên thương hiệu, lịch sử pillar, hiệu quả tuần trước | F68: =IF(E68="","",E68+ROUNDUP(G68,0)-1) | G68: 3 | H68: Logic Agent (AI) | I68: Chưa bắt đầu | J68: 0 | K68: Model tier: Standard/Power tuỳ ngân sách
A69: 68 | B69: Phase 1 – Bước 5: 5 Agent nội dung + FSM/Retry | C69: [B02] Xử lý khách hàng mới chưa có dữ liệu lịch sử (cold start) — vẫn tạo pillar hợp lý | F69: =IF(E69="","",E69+ROUNDUP(G69,0)-1) | G69: 1 | H69: Logic Agent (AI) | I69: Chưa bắt đầu | J69: 0
A70: 69 | B70: Phase 1 – Bước 5: 5 Agent nội dung + FSM/Retry | C70: [B02] Luôn kèm giải thích lý do chọn pillar, không copy nguyên tuần trước mà không có lý do | F70: =IF(E70="","",E70+ROUNDUP(G70,0)-1) | G70: 1 | H70: Logic Agent (AI) | I70: Chưa bắt đầu | J70: 0
A71: 70 | B71: Phase 1 – Bước 5: 5 Agent nội dung + FSM/Retry | C71: [B02] Ghi kết quả pillar, A01 nhận trigger strategy_gate_approved chuyển bài sang chờ duyệt (Gate S2) | F71: =IF(E71="","",E71+ROUNDUP(G71,0)-1) | G71: 0.5 | H71: Logic Agent (AI) | I71: Chưa bắt đầu | J71: 0
A72: 71 | B72: Phase 1 – Bước 5: 5 Agent nội dung + FSM/Retry | C72: Màn hình Cổng duyệt S2 — Duyệt Trụ Nội Dung: xem, sửa trực tiếp (thêm/bớt/đổi tỷ trọng), duyệt/từ chối | F72: =IF(E72="","",E72+ROUNDUP(G72,0)-1) | G72: 2 | H72: Quy trình duyệt | I72: Chưa bắt đầu | J72: 0
A73: 72 | B73: Phase 1 – Bước 5: 5 Agent nội dung + FSM/Retry | C73: [B03] Agent lập lịch đăng bài cụ thể theo ngày/platform, dựa trên pillar đã duyệt + tần suất + khung giờ ưa thích | F73: =IF(E73="","",E73+ROUNDUP(G73,0)-1) | G73: 3 | H73: Logic Agent (AI) | I73: Chưa bắt đầu | J73: 0 | K73: Model tier: Standard
A74: 73 | B74: Phase 1 – Bước 5: 5 Agent nội dung + FSM/Retry | C74: [B03] Không trùng khung giờ cùng platform; tỷ trọng pillar khớp đã duyệt (sai lệch tối đa 10%) | F74: =IF(E74="","",E74+ROUNDUP(G74,0)-1) | G74: 1 | H74: Logic Agent (AI) | I74: Chưa bắt đầu | J74: 0
A75: 74 | B75: Phase 1 – Bước 5: 5 Agent nội dung + FSM/Retry | C75: Màn hình Cổng duyệt S3 — Duyệt Kế Hoạch Nội Dung: xem lịch đăng, thêm/bớt bài, đổi ngày/góc nhìn | F75: =IF(E75="","",E75+ROUNDUP(G75,0)-1) | G75: 2 | H75: Quy trình duyệt | I75: Chưa bắt đầu | J75: 0
A76: 75 | B76: Phase 1 – Bước 5: 5 Agent nội dung + FSM/Retry | C76: [D01] Agent viết caption riêng từng platform (FB/IG khác độ dài, cách trình bày), kèm hashtag, kèm CTA | F76: =IF(E76="","",E76+ROUNDUP(G76,0)-1) | G76: 3 | H76: Logic Agent (AI) | I76: Chưa bắt đầu | J76: 0 | K76: Model tier: Standard
A77: 76 | B77: Phase 1 – Bước 5: 5 Agent nội dung + FSM/Retry | C77: [D01] Agent tự viết kèm image_brief bắt buộc: ảnh thật hay AI, tag ảnh cần tìm, overlay/chữ trên ảnh, tỷ lệ khung theo platform | F77: =IF(E77="","",E77+ROUNDUP(G77,0)-1) | G77: 2 | H77: Logic Agent (AI) | I77: Chưa bắt đầu | J77: 0 | K77: Bắt buộc có — D02 phụ thuộc trực tiếp field này
A78: 77 | B78: Phase 1 – Bước 5: 5 Agent nội dung + FSM/Retry | C78: [D01] Không dùng từ/cụm từ bị cấm trong brand config; không lặp kiểu câu mở đầu quá 3 lần/tháng | F78: =IF(E78="","",E78+ROUNDUP(G78,0)-1) | G78: 1 | H78: Logic Agent (AI) | I78: Chưa bắt đầu | J78: 0
A79: 78 | B79: Phase 1 – Bước 5: 5 Agent nội dung + FSM/Retry | C79: [D01] Đọc 5 caption gần nhất (đạt + bị từ chối kèm lý do) trước khi viết bài mới | F79: =IF(E79="","",E79+ROUNDUP(G79,0)-1) | G79: 1 | H79: Logic Agent (AI) | I79: Chưa bắt đầu | J79: 0 | K79: Lấy qua field episodic của Context Packet MVP
A80: 79 | B80: Phase 1 – Bước 5: 5 Agent nội dung + FSM/Retry | C80: A01 nhận trigger d01_complete → dispatch D02 (KHÔNG chạy song song với D01) | F80: =IF(E80="","",E80+ROUNDUP(G80,0)-1) | G80: 0.5 | H80: Logic Agent (AI) | I80: Chưa bắt đầu | J80: 0
A81: 80 | B81: Phase 1 – Bước 5: 5 Agent nội dung + FSM/Retry | C81: [D02] Agent tìm/tạo/ghép ảnh cho bài viết, đọc caption + image_brief từ D01 | F81: =IF(E81="","",E81+ROUNDUP(G81,0)-1) | G81: 3 | H81: Logic Agent (AI) | I81: Chưa bắt đầu | J81: 0 | K81: Model tier: Standard
A82: 81 | B82: Phase 1 – Bước 5: 5 Agent nội dung + FSM/Retry | C82: [D02] Business rule cốt lõi: nội dung cần ảnh thật (sản phẩm/quán/con người) → bắt buộc dùng ảnh thật từ thư viện, KHÔNG tự ý tạo ảnh AI thay thế | F82: =IF(E82="","",E82+ROUNDUP(G82,0)-1) | G82: 1.5 | H82: Logic Agent (AI) | I82: Chưa bắt đầu | J82: 0
A83: 82 | B83: Phase 1 – Bước 5: 5 Agent nội dung + FSM/Retry | C83: [D02] Không tìm được ảnh thật phù hợp → tạo asset_request, A01 chuyển bài sang waiting_asset — KHÔNG tính là lỗi | F83: =IF(E83="","",E83+ROUNDUP(G83,0)-1) | G83: 1.5 | H83: Logic Agent (AI) | I83: Chưa bắt đầu | J83: 0
A84: 83 | B84: Phase 1 – Bước 5: 5 Agent nội dung + FSM/Retry | C84: [D02] Loại nội dung cho phép (poster/meme/banner không có sản phẩm) → được dùng AI tạo ảnh hoàn toàn | F84: =IF(E84="","",E84+ROUNDUP(G84,0)-1) | G84: 1.5 | H84: Logic Agent (AI) | I84: Chưa bắt đầu | J84: 0
A85: 84 | B85: Phase 1 – Bước 5: 5 Agent nội dung + FSM/Retry | C85: [D02] Luôn xuất đúng tỷ lệ khung ảnh theo platform mà D01 đã chỉ định | F85: =IF(E85="","",E85+ROUNDUP(G85,0)-1) | G85: 1 | H85: Logic Agent (AI) | I85: Chưa bắt đầu | J85: 0
A86: 85 | B86: Phase 1 – Bước 5: 5 Agent nội dung + FSM/Retry | C86: A01 nhận trigger asset_submitted → dispatch LẠI D02 (không phải D01, vì caption không đổi) | F86: =IF(E86="","",E86+ROUNDUP(G86,0)-1) | G86: 0.5 | H86: Logic Agent (AI) | I86: Chưa bắt đầu | J86: 0
A87: 86 | B87: Phase 1 – Bước 5: 5 Agent nội dung + FSM/Retry | C87: A01 nhận trigger d02_complete (visual_ready) → dispatch E01 | F87: =IF(E87="","",E87+ROUNDUP(G87,0)-1) | G87: 0.5 | H87: Logic Agent (AI) | I87: Chưa bắt đầu | J87: 0
A88: 87 | B88: Phase 1 – Bước 5: 5 Agent nội dung + FSM/Retry | C88: [E01] Agent chấm điểm caption (thang 10) và ảnh (thang 5) trước khi đưa cho con người duyệt | F88: =IF(E88="","",E88+ROUNDUP(G88,0)-1) | G88: 2.5 | H88: Logic Agent (AI) | I88: Chưa bắt đầu | J88: 0 | K88: Model tier: Standard
A89: 88 | B89: Phase 1 – Bước 5: 5 Agent nội dung + FSM/Retry | C89: [E01] Tiêu chí chấm caption: tông giọng, thông tin chính xác, đúng định dạng platform, đúng chủ đề/góc nhìn, không lặp nội dung cũ | F89: =IF(E89="","",E89+ROUNDUP(G89,0)-1) | G89: 1 | H89: Logic Agent (AI) | I89: Chưa bắt đầu | J89: 0
A90: 89 | B90: Phase 1 – Bước 5: 5 Agent nội dung + FSM/Retry | C90: [E01] Tiêu chí chấm ảnh: đúng sản phẩm/bối cảnh, bố cục/màu/mood hợp thương hiệu, chữ đọc được trên mobile | F90: =IF(E90="","",E90+ROUNDUP(G90,0)-1) | G90: 1 | H90: Logic Agent (AI) | I90: Chưa bắt đầu | J90: 0
A91: 90 | B91: Phase 1 – Bước 5: 5 Agent nội dung + FSM/Retry | C91: [E01] Áp dụng ngưỡng: Caption≥7.0 VÀ Visual≥3.5 → pass; 5.0-6.9 hoặc 2.5-3.4 → retry; <5.0 hoặc <2.5 → hard fail | F91: =IF(E91="","",E91+ROUNDUP(G91,0)-1) | G91: 0.5 | H91: Logic Agent (AI) | I91: Chưa bắt đầu | J91: 0
A92: 91 | B92: Phase 1 – Bước 5: 5 Agent nội dung + FSM/Retry | C92: [E01] Trả về failed_criteria + retry_allowed cho A01 route retry đúng agent theo bảng ở Bước 3 (E01 KHÔNG tự route) | F92: =IF(E92="","",E92+ROUNDUP(G92,0)-1) | G92: 1 | H92: Logic Agent (AI) | I92: Chưa bắt đầu | J92: 0
A93: 92 | B93: Phase 1 – Bước 5: 5 Agent nội dung + FSM/Retry | C93: [E01] TUYỆT ĐỐI không được gọi khi bài đang waiting_asset — A01 biết trạng thái này thì không dispatch E01 | F93: =IF(E93="","",E93+ROUNDUP(G93,0)-1) | G93: 0.5 | H93: Logic Agent (AI) | I93: Chưa bắt đầu | J93: 0
A94: 93 | B94: Phase 1 – Bước 5: 5 Agent nội dung + FSM/Retry | C94: [E01] Điểm số KHÔNG hiển thị cho chủ quán — chỉ Agency Admin xem qua task_logs / Internal App | F94: =IF(E94="","",E94+ROUNDUP(G94,0)-1) | G94: 0.5 | H94: Logic Agent (AI) | I94: Chưa bắt đầu | J94: 0
A95: 94 | B95: Phase 1 – Bước 5: 5 Agent nội dung + FSM/Retry | C95: Màn hình Duyệt bài (Content Approval Gate): caption cuối + ảnh cuối + giờ đăng, xem trước dạng giống thật FB/IG | F95: =IF(E95="","",E95+ROUNDUP(G95,0)-1) | G95: 2 | H95: Quy trình duyệt | I95: Chưa bắt đầu | J95: 0
A96: 95 | B96: Phase 1 – Bước 5: 5 Agent nội dung + FSM/Retry | C96: 4 hành động: Duyệt / Duyệt kèm sửa giờ đăng / Sửa caption rồi duyệt / Từ chối kèm lý do (danh sách có sẵn) | F96: =IF(E96="","",E96+ROUNDUP(G96,0)-1) | G96: 2 | H96: Quy trình duyệt | I96: Chưa bắt đầu | J96: 0
A97: 96 | B97: Phase 1 – Bước 5: 5 Agent nội dung + FSM/Retry | C97: Sửa caption → lưu bản mới, kích hoạt P01-lite ghi bài học cho D01 | F97: =IF(E97="","",E97+ROUNDUP(G97,0)-1) | G97: 1 | H97: Quy trình duyệt | I97: Chưa bắt đầu | J97: 0
A98: 97 | B98: Phase 1 – Bước 5: 5 Agent nội dung + FSM/Retry | C98: Sửa giờ đăng → cập nhật giờ mới trong hệ thống | F98: =IF(E98="","",E98+ROUNDUP(G98,0)-1) | G98: 0.5 | H98: Quy trình duyệt | I98: Chưa bắt đầu | J98: 0
A99: 98 | B99: Phase 1 – Bước 5: 5 Agent nội dung + FSM/Retry | C99: Sau khi đã duyệt → khoá caption/giờ đăng lại, chỉ Agency Admin mở lại được (có ghi log) | F99: =IF(E99="","",E99+ROUNDUP(G99,0)-1) | G99: 1 | H99: Quy trình duyệt | I99: Chưa bắt đầu | J99: 0
A100: 99 | B100: Phase 1 – Bước 6: Portal + Internal App | C100: Trang Tổng quan (Dashboard): chu kỳ hiện tại đang ở bước nào, có gì đang chờ duyệt | F100: =IF(E100="","",E100+ROUNDUP(G100,0)-1) | G100: 1.5 | H100: Giao diện - Portal | I100: Chưa bắt đầu | J100: 0
...

Sheet Tổng quan
A1: Phase / Bước | B1: Số công việc | C1: Tổng số ngày ước tính | D1: Tiêu chí Pass (điều kiện mở phase/bước kế tiếp)
A2: Phase 0 – Chuẩn bị (Quyết định & Repo) | B2: =COUNTIF(Checklist!$B:$B,"Phase 0 – Chuẩn bị (Quyết định & Repo)") -> 11 | C2: =SUMIF(Checklist!$B:$B,"Phase 0 – Chuẩn bị (Quyết định & Repo)",Checklist!$G:$G) -> 4.25 | D2: Không có tiêu chí Pass riêng — bước chuẩn bị, xong là chuyển sang Bước 1.
A3: Phase 1 – Bước 1: Hạ tầng (VPS/Coolify) | B3: =COUNTIF(Checklist!$B:$B,"Phase 1 – Bước 1: Hạ tầng (VPS/Coolify)") -> 9 | C3: =SUMIF(Checklist!$B:$B,"Phase 1 – Bước 1: Hạ tầng (VPS/Coolify)",Checklist!$G:$G) -> 5.5 | D3: Không có tiêu chí Pass riêng — gộp vào tiêu chí Pass chung của Phase 1 (xem dòng Phase 1 - TỔNG). Theo MVP-Scope v3.4 mục 6, KHÔNG còn ước lượng theo sprint/tuần, chỉ theo trình tự phụ thuộc.
A4: Phase 1 – Bước 2: Nền tảng dữ liệu (C1+C6+C7) | B4: =COUNTIF(Checklist!$B:$B,"Phase 1 – Bước 2: Nền tảng dữ liệu (C1+C6+C7)") -> 17 | C4: =SUMIF(Checklist!$B:$B,"Phase 1 – Bước 2: Nền tảng dữ liệu (C1+C6+C7)",Checklist!$G:$G) -> 17.5 | D4: Không có tiêu chí Pass riêng — gộp vào tiêu chí Pass chung của Phase 1.
A5: Phase 1 – Bước 3: A01 Orchestrator | B5: =COUNTIF(Checklist!$B:$B,"Phase 1 – Bước 3: A01 Orchestrator") -> 16 | C5: =SUMIF(Checklist!$B:$B,"Phase 1 – Bước 3: A01 Orchestrator",Checklist!$G:$G) -> 18.25 | D5: Không có tiêu chí Pass riêng — gộp vào tiêu chí Pass chung của Phase 1.
A6: Phase 1 – Bước 4: Context Packet MVP + P01-lite + Observability | B6: =COUNTIF(Checklist!$B:$B,"Phase 1 – Bước 4: Context Packet MVP + P01-lite + Observability") -> 11 | C6: =SUMIF(Checklist!$B:$B,"Phase 1 – Bước 4: Context Packet MVP + P01-lite + Observability",Checklist!$G:$G) -> 12 | D6: Không có tiêu chí Pass riêng — gộp vào tiêu chí Pass chung của Phase 1.
A7: Phase 1 – Bước 5: 5 Agent nội dung + FSM/Retry | B7: =COUNTIF(Checklist!$B:$B,"Phase 1 – Bước 5: 5 Agent nội dung + FSM/Retry") -> 34 | C7: =SUMIF(Checklist!$B:$B,"Phase 1 – Bước 5: 5 Agent nội dung + FSM/Retry",Checklist!$G:$G) -> 46 | D7: Không có tiêu chí Pass riêng — gộp vào tiêu chí Pass chung của Phase 1.
A8: Phase 1 – Bước 6: Portal + Internal App | B8: =COUNTIF(Checklist!$B:$B,"Phase 1 – Bước 6: Portal + Internal App") -> 13 | C8: =SUMIF(Checklist!$B:$B,"Phase 1 – Bước 6: Portal + Internal App",Checklist!$G:$G) -> 21.5 | D8: Không có tiêu chí Pass riêng — gộp vào tiêu chí Pass chung của Phase 1.
A9: Phase 1 – Bước 7: Hardening + Pilot thật | B9: =COUNTIF(Checklist!$B:$B,"Phase 1 – Bước 7: Hardening + Pilot thật") -> 11 | C9: =SUMIF(Checklist!$B:$B,"Phase 1 – Bước 7: Hardening + Pilot thật",Checklist!$G:$G) -> 10.5 | D9: Không có tiêu chí Pass riêng — gộp vào tiêu chí Pass chung của Phase 1.
A10: Phase 1 - TỔNG | B10: =COUNTIF(Checklist!$B:$B,"Phase 1*") -> 111 | C10: =SUMIF(Checklist!$B:$B,"Phase 1*",Checklist!$G:$G) -> 131.25 | D10: Chạy ≥2 chu kỳ tuần liên tục không cần can thiệp tay ngoài duyệt bài. agent_memory Recall thực sự dùng được bài học chu kỳ trước. Không worker/task treo >24h. Trường/Thuận (không phải Antigravity) xác nhận chất lượng caption/ảnh dùng được thật, không chỉ "chạy được".
A11: Phase 2 – Vận hành pilot & tinh chỉnh | B11: =COUNTIF(Checklist!$B:$B,"Phase 2 – Vận hành pilot & tinh chỉnh") -> 14 | C11: =SUMIF(Checklist!$B:$B,"Phase 2 – Vận hành pilot & tinh chỉnh",Checklist!$G:$G) -> 37 | D11: Đạt đủ KR rút gọn (chu kỳ ổn định, % duyệt lần đầu, thời gian duyệt) trong ≥4 tuần liên tục. Xác nhận rõ đăng tay có phải nút thắt cổ chai thật hay chưa, bằng công thức đã định.
A12: Phase 3 – Tự động đăng bài (Meta) | B12: =COUNTIF(Checklist!$B:$B,"Phase 3 – Tự động đăng bài (Meta)") -> 16 | C12: =SUMIF(Checklist!$B:$B,"Phase 3 – Tự động đăng bài (Meta)",Checklist!$G:$G) -> 24.5 | D12: OAuth kết nối ≤5 phút (đo thật). Tỷ lệ đăng bài thành công không cần can thiệp tay đạt mục tiêu. Thời gian tạo→đăng (qua duyệt) đạt mục tiêu.
A13: Phase 4 – Phân tích số liệu & học hỏi | B13: =COUNTIF(Checklist!$B:$B,"Phase 4 – Phân tích số liệu & học hỏi") -> 15 | C13: =SUMIF(Checklist!$B:$B,"Phase 4 – Phân tích số liệu & học hỏi",Checklist!$G:$G) -> 25 | D13: Vòng lặp đầy đủ tạo→duyệt→đăng→phân tích→học chạy liên tục nhiều tuần, không thao tác tay ngoài duyệt bài (đạt KR1 gốc). G04 đo được có cải thiện chất lượng content chu kỳ sau không.
A14: Phase 5 – Chiến lược đầy đủ (B01 + RAG) | B14: =COUNTIF(Checklist!$B:$B,"Phase 5 – Chiến lược đầy đủ (B01 + RAG)") -> 13 | C14: =SUMIF(Checklist!$B:$B,"Phase 5 – Chiến lược đầy đủ (B01 + RAG)",Checklist!$G:$G) -> 26 | D14: B01 tạo IMC Plan đúng thương hiệu, qua cổng duyệt S1 không cần sửa nhiều. Tìm kiếm ngữ nghĩa trả đúng ngữ cảnh khi test với tài liệu dài thật.
A15: Phase 6 – Mở rộng nhiều khách hàng | B15: =COUNTIF(Checklist!$B:$B,"Phase 6 – Mở rộng nhiều khách hàng") -> 10 | C15: =SUMIF(Checklist!$B:$B,"Phase 6 – Mở rộng nhiều khách hàng",Checklist!$G:$G) -> 20 | D15: ≥3-5 khách hàng chạy song song ổn định, không cần thêm người vận hành. Chi phí vận hành thêm 1 khách hàng mới ở mức thấp.
A16: Phase 7 – Đa dạng ngành & nâng cấp trí nhớ | B16: =COUNTIF(Checklist!$B:$B,"Phase 7 – Đa dạng ngành & nâng cấp trí nhớ") -> 4 | C16: =SUMIF(Checklist!$B:$B,"Phase 7 – Đa dạng ngành & nâng cấp trí nhớ",Checklist!$G:$G) -> 11 | D16: Không có tiêu chí kỹ thuật cứng — đây là quyết định kinh doanh, dựa vào kết quả thật của Phase 6.
A17: TỔNG CỘNG TOÀN DỰ ÁN | B17: =COUNTA(Checklist!$A2:$A195) -> 194 | C17: =SUM(Checklist!$G2:$G195) -> 279

Sheet Chú thích
A1: CÁCH DÙNG FILE NÀY
A2: • Sheet "Checklist": toàn bộ công việc, chia theo Phase 0 → Bước 1-7 của Phase 1 (đúng trình tự phụ thuộc ở MVP-Scope v3.4 mục 6) → Phase 2-7 (CrewLab-Phase-Roadmap.md).
A3: • Sheet "Tổng quan": số lượng công việc + tổng số ngày ước tính mỗi Phase/Bước, và Tiêu chí Pass để mở Phase kế tiếp.
A4: • Điền cột "Bắt đầu" (ngày thật) thì cột "Kết thúc" tự tính theo công thức (Bắt đầu + Thời lượng ước tính).
A5: • Cột "Thời lượng (ngày)" là ƯỚC LƯỢNG ban đầu để lập kế hoạch — MVP-Scope v3.4 đã chủ động bỏ ước lượng theo sprint/tuần vì tạo cảm giác chắc chắn giả; hãy tự đo tốc độ thật sau khi chạy xong Bước 1-4 rồi mới ước lượng phần còn lại.
A6: • Cột "Tình trạng" và "Loại yêu cầu" có sẵn dropdown. Dòng sẽ tự tô màu theo Tình trạng.
A7: • Lọc theo cột "Phase" để xem đúng việc của Bước hiện tại — đó là những gì nên giao cho Antigravity làm trong vài ngày tới. Trong Bước 1-7 của Phase 1, thứ tự các dòng ĐÃ được sắp theo đúng phụ thuộc kỹ thuật (bảng dữ liệu trước, A01 trước, Context Packet trước, rồi mới tới 5 agent nội dung).
A9: QUAN TRỌNG — PHẠM VI ĐANG BUILD
A10: Theo AGENTS.md: Phase 1 (Bước 1-7 trong sheet này) là phạm vi ĐANG được phép code thật — 6 agent chính thức: A01 Orchestrator (kiến trúc đầy đủ, 10/15 trigger active) + 5 agent nội dung B02, B03, D01, D02, E01.
A11: Phase 2 → Phase 7 trong sheet này CHỈ để nhìn thấy toàn cảnh lộ trình và lên kế hoạch — KHÔNG phải việc giao cho Antigravity code ngay.
A12: Nếu trong lúc làm Phase 1, Antigravity tự nhắc tới ChromaDB / F01 / G01-G04 / B01 / Meta OAuth / Telegram bot / Hindsight thật / Pixel Office-Kanban (toàn bộ nội dung Phase 3-7 và phần PRD v1.2 Tầng 4 nâng cao) → DỪNG LẠI, hỏi lại người, đừng để nó tự build theo bản đầy đủ.
A13: P01 ở Phase 1 chỉ là bản "P01-lite" (chỉ upsert human_feedback vào agent_memory) — bản P01 đầy đủ (learning packet, performance_patterns) thuộc Phase 4.
... A38: Cuối tuần: xem sheet Tổng quan, đối chiếu Tiêu chí Pass để biết Phase/Bước hiện tại đã đủ điều kiện đóng lại chưa.
